time,general_occupied,general_capacity,monitored_occupied,monitored_capacity,critical_occupied,critical_capacity,total_occupied,total_capacity
0.0,0,30,0,10,0,5,0,45
4.1872,1,30,0,10,0,5,1,45
8.9521,1,30,1,10,0,5,2,45
11.8578,2,30,1,10,0,5,3,45
12.0929,2,30,2,10,0,5,4,45
13.7438,3,30,2,10,0,5,5,45
14.406,3,30,3,10,0,5,6,45
14.4145,4,30,3,10,0,5,7,45
17.7099,5,30,3,10,0,5,8,45
18.3862,6,30,3,10,0,5,9,45
20.6136,7,30,3,10,0,5,10,45
27.0715,7,30,4,10,0,5,11,45
31.1035,7,30,5,10,0,5,12,45
32.3913,8,30,5,10,0,5,13,45
35.1752,9,30,5,10,0,5,14,45
42.8616,9,30,5,10,1,5,15,45
43.2616,9,30,6,10,1,5,16,45
44.3484,9,30,7,10,1,5,17,45
44.8495,9,30,8,10,1,5,18,45
50.2144,10,30,8,10,1,5,19,45
52.4769,10,30,9,10,1,5,20,45
52.5268,10,30,10,10,1,5,21,45
53.9446,11,30,10,10,1,5,22,45
63.0031,12,30,10,10,1,5,23,45
64.125,12,30,10,10,2,5,24,45
64.5308,13,30,10,10,2,5,25,45
69.4033,12,30,10,10,2,5,24,45
69.934,13,30,10,10,2,5,25,45
70.7461,14,30,10,10,2,5,26,45
78.1342,15,30,10,10,2,5,27,45
78.6049,16,30,10,10,2,5,28,45
80.8148,16,30,10,10,3,5,29,45
83.5548,17,30,10,10,3,5,30,45
83.9193,18,30,10,10,3,5,31,45
86.4862,17,30,10,10,3,5,30,45
87.0548,18,30,10,10,3,5,31,45
89.2737,19,30,10,10,3,5,32,45
99.0706,20,30,10,10,3,5,33,45
99.1834,20,30,10,10,4,5,34,45
100.2626,21,30,10,10,4,5,35,45
102.8886,22,30,10,10,4,5,36,45
108.0288,23,30,10,10,4,5,37,45
111.5477,23,30,10,10,5,5,38,45
112.7305,24,30,10,10,5,5,39,45
117.0387,25,30,10,10,5,5,40,45
118.2286,26,30,10,10,5,5,41,45
123.0706,27,30,10,10,5,5,42,45
126.7292,28,30,10,10,5,5,43,45
134.1611,28,30,9,10,5,5,42,45
134.1611,28,30,10,10,5,5,43,45
135.3763,29,30,10,10,5,5,44,45
137.8895,30,30,10,10,5,5,45,45
142.0166,29,30,10,10,5,5,44,45
142.0166,30,30,10,10,5,5,45,45
149.5743,29,30,10,10,5,5,44,45
150.8056,28,30,10,10,5,5,43,45
152.0974,29,30,10,10,5,5,44,45
156.4713,30,30,10,10,5,5,45,45
158.8201,29,30,10,10,5,5,44,45
158.8201,30,30,10,10,5,5,45,45
162.501,29,30,10,10,5,5,44,45
162.6723,28,30,10,10,5,5,43,45
164.0366,29,30,10,10,5,5,44,45
164.129,30,30,10,10,5,5,45,45
165.407,29,30,10,10,5,5,44,45
165.407,30,30,10,10,5,5,45,45
169.2971,29,30,10,10,5,5,44,45
169.2971,30,30,10,10,5,5,45,45
170.3799,29,30,10,10,5,5,44,45
170.3799,30,30,10,10,5,5,45,45
174.0857,30,30,9,10,5,5,44,45
174.0857,30,30,10,10,5,5,45,45
178.0274,29,30,10,10,5,5,44,45
178.0274,30,30,10,10,5,5,45,45
184.7568,29,30,10,10,5,5,44,45
184.7568,30,30,10,10,5,5,45,45
187.6842,30,30,9,10,5,5,44,45
187.6842,30,30,10,10,5,5,45,45
189.5658,29,30,10,10,5,5,44,45
189.5658,30,30,10,10,5,5,45,45
191.0798,29,30,10,10,5,5,44,45
191.0798,30,30,10,10,5,5,45,45
193.431,29,30,10,10,5,5,44,45
193.431,30,30,10,10,5,5,45,45
196.3015,30,30,9,10,5,5,44,45
196.3015,30,30,10,10,5,5,45,45
199.8378,29,30,10,10,5,5,44,45
199.8378,30,30,10,10,5,5,45,45
214.2051,30,30,9,10,5,5,44,45
214.2051,30,30,10,10,5,5,45,45
216.033,29,30,10,10,5,5,44,45
216.033,30,30,10,10,5,5,45,45
216.4499,30,30,9,10,5,5,44,45
216.4499,30,30,10,10,5,5,45,45
219.116,29,30,10,10,5,5,44,45
219.116,30,30,10,10,5,5,45,45
224.5241,30,30,9,10,5,5,44,45
224.5241,30,30,10,10,5,5,45,45
225.8232,29,30,10,10,5,5,44,45
225.8232,30,30,10,10,5,5,45,45
229.3207,29,30,10,10,5,5,44,45
229.3207,30,30,10,10,5,5,45,45
234.5642,29,30,10,10,5,5,44,45
234.5642,30,30,10,10,5,5,45,45
234.688,30,30,9,10,5,5,44,45
234.688,30,30,10,10,5,5,45,45
235.6221,30,30,9,10,5,5,44,45
235.6221,30,30,10,10,5,5,45,45
238.7603,29,30,10,10,5,5,44,45
238.7603,30,30,10,10,5,5,45,45
240.8061,29,30,10,10,5,5,44,45
240.8061,30,30,10,10,5,5,45,45
243.7992,29,30,10,10,5,5,44,45
243.7992,30,30,10,10,5,5,45,45
245.4264,30,30,10,10,4,5,44,45
245.4264,30,30,10,10,5,5,45,45
246.7983,29,30,10,10,5,5,44,45
246.7983,30,30,10,10,5,5,45,45
252.5124,29,30,10,10,5,5,44,45
252.5124,30,30,10,10,5,5,45,45
252.7016,29,30,10,10,5,5,44,45
252.7016,30,30,10,10,5,5,45,45
255.2424,29,30,10,10,5,5,44,45
255.2424,30,30,10,10,5,5,45,45
255.7885,29,30,10,10,5,5,44,45
255.7885,30,30,10,10,5,5,45,45
267.9567,29,30,10,10,5,5,44,45
267.9567,30,30,10,10,5,5,45,45
269.7735,30,30,10,10,4,5,44,45
269.7735,30,30,10,10,5,5,45,45
281.6765,30,30,9,10,5,5,44,45
281.6765,30,30,10,10,5,5,45,45
283.3502,29,30,10,10,5,5,44,45
283.3502,30,30,10,10,5,5,45,45
289.1649,29,30,10,10,5,5,44,45
289.1649,30,30,10,10,5,5,45,45
290.4128,29,30,10,10,5,5,44,45
290.4128,30,30,10,10,5,5,45,45
290.7111,29,30,10,10,5,5,44,45
290.7111,30,30,10,10,5,5,45,45
294.7992,30,30,9,10,5,5,44,45
294.7992,30,30,10,10,5,5,45,45
299.788,29,30,10,10,5,5,44,45
299.788,30,30,10,10,5,5,45,45
300.0074,30,30,9,10,5,5,44,45
300.0074,30,30,10,10,5,5,45,45
303.7397,29,30,10,10,5,5,44,45
303.7397,30,30,10,10,5,5,45,45
304.1711,29,30,10,10,5,5,44,45
304.1711,30,30,10,10,5,5,45,45
305.8979,29,30,10,10,5,5,44,45
305.8979,30,30,10,10,5,5,45,45
306.3918,29,30,10,10,5,5,44,45
306.3918,30,30,10,10,5,5,45,45
307.6141,29,30,10,10,5,5,44,45
307.6141,30,30,10,10,5,5,45,45
312.7201,29,30,10,10,5,5,44,45
312.7201,30,30,10,10,5,5,45,45
315.3871,29,30,10,10,5,5,44,45
315.3871,30,30,10,10,5,5,45,45
316.4034,29,30,10,10,5,5,44,45
316.4034,30,30,10,10,5,5,45,45
318.6563,30,30,10,10,4,5,44,45
318.6563,30,30,10,10,5,5,45,45
320.6024,30,30,9,10,5,5,44,45
320.6024,30,30,10,10,5,5,45,45
327.7947,30,30,10,10,4,5,44,45
327.7947,30,30,10,10,5,5,45,45
340.4736,30,30,10,10,4,5,44,45
340.4736,30,30,10,10,5,5,45,45
342.8888,29,30,10,10,5,5,44,45
342.8888,30,30,10,10,5,5,45,45
346.036,30,30,9,10,5,5,44,45
346.036,30,30,10,10,5,5,45,45
346.1369,29,30,10,10,5,5,44,45
346.1369,30,30,10,10,5,5,45,45
360.4353,29,30,10,10,5,5,44,45
360.4353,30,30,10,10,5,5,45,45
360.8014,30,30,9,10,5,5,44,45
360.8014,30,30,10,10,5,5,45,45
361.1536,29,30,10,10,5,5,44,45
361.1536,30,30,10,10,5,5,45,45
362.2884,29,30,10,10,5,5,44,45
362.2884,30,30,10,10,5,5,45,45
362.7282,29,30,10,10,5,5,44,45
362.7282,30,30,10,10,5,5,45,45
365.6718,29,30,10,10,5,5,44,45
365.6718,30,30,10,10,5,5,45,45
365.7552,29,30,10,10,5,5,44,45
365.7552,30,30,10,10,5,5,45,45
374.1351,30,30,9,10,5,5,44,45
374.1351,30,30,10,10,5,5,45,45
375.4824,30,30,9,10,5,5,44,45
375.4824,30,30,10,10,5,5,45,45
376.2451,29,30,10,10,5,5,44,45
376.2451,30,30,10,10,5,5,45,45
379.0252,29,30,10,10,5,5,44,45
379.0252,30,30,10,10,5,5,45,45
381.5855,29,30,10,10,5,5,44,45
381.5855,30,30,10,10,5,5,45,45
381.7013,29,30,10,10,5,5,44,45
381.7013,30,30,10,10,5,5,45,45
381.8849,29,30,10,10,5,5,44,45
381.8849,30,30,10,10,5,5,45,45
384.3399,29,30,10,10,5,5,44,45
384.3399,30,30,10,10,5,5,45,45
384.3629,30,30,10,10,4,5,44,45
384.3629,30,30,10,10,5,5,45,45
386.0247,29,30,10,10,5,5,44,45
386.0247,30,30,10,10,5,5,45,45
387.5418,30,30,9,10,5,5,44,45
387.5418,30,30,10,10,5,5,45,45
390.04,29,30,10,10,5,5,44,45
390.04,30,30,10,10,5,5,45,45
391.4735,29,30,10,10,5,5,44,45
391.4735,30,30,10,10,5,5,45,45
395.1344,29,30,10,10,5,5,44,45
395.1344,30,30,10,10,5,5,45,45
395.4692,29,30,10,10,5,5,44,45
395.4692,30,30,10,10,5,5,45,45
397.5133,29,30,10,10,5,5,44,45
397.5133,30,30,10,10,5,5,45,45
401.7864,29,30,10,10,5,5,44,45
401.7864,30,30,10,10,5,5,45,45
408.9392,29,30,10,10,5,5,44,45
408.9392,30,30,10,10,5,5,45,45
409.9739,30,30,9,10,5,5,44,45
409.9739,30,30,10,10,5,5,45,45
412.2884,29,30,10,10,5,5,44,45
412.2884,30,30,10,10,5,5,45,45
417.811,29,30,10,10,5,5,44,45
417.811,30,30,10,10,5,5,45,45
422.9846,30,30,9,10,5,5,44,45
422.9846,30,30,10,10,5,5,45,45
428.0983,29,30,10,10,5,5,44,45
428.0983,30,30,10,10,5,5,45,45
444.7878,29,30,10,10,5,5,44,45
444.7878,30,30,10,10,5,5,45,45
445.2467,30,30,9,10,5,5,44,45
445.2467,30,30,10,10,5,5,45,45
447.684,30,30,9,10,5,5,44,45
447.684,30,30,10,10,5,5,45,45
448.5459,30,30,9,10,5,5,44,45
448.5459,30,30,10,10,5,5,45,45
453.4357,29,30,10,10,5,5,44,45
453.4357,30,30,10,10,5,5,45,45
455.0617,29,30,10,10,5,5,44,45
455.0617,30,30,10,10,5,5,45,45
455.7307,29,30,10,10,5,5,44,45
455.7307,30,30,10,10,5,5,45,45
455.7363,29,30,10,10,5,5,44,45
455.7363,30,30,10,10,5,5,45,45
462.9892,29,30,10,10,5,5,44,45
462.9892,30,30,10,10,5,5,45,45
465.3329,29,30,10,10,5,5,44,45
465.3329,30,30,10,10,5,5,45,45
469.0578,29,30,10,10,5,5,44,45
469.0578,30,30,10,10,5,5,45,45
474.6487,30,30,10,10,4,5,44,45
474.6487,30,30,10,10,5,5,45,45
482.1889,29,30,10,10,5,5,44,45
482.1889,30,30,10,10,5,5,45,45
484.2889,29,30,10,10,5,5,44,45
484.2889,30,30,10,10,5,5,45,45
491.8078,29,30,10,10,5,5,44,45
491.8078,30,30,10,10,5,5,45,45
494.6602,30,30,10,10,4,5,44,45
494.6602,30,30,10,10,5,5,45,45
499.7919,29,30,10,10,5,5,44,45
499.7919,30,30,10,10,5,5,45,45
502.2143,30,30,9,10,5,5,44,45
502.2143,30,30,10,10,5,5,45,45
506.5239,30,30,9,10,5,5,44,45
506.5239,30,30,10,10,5,5,45,45
508.3849,29,30,10,10,5,5,44,45
508.3849,30,30,10,10,5,5,45,45
511.5313,29,30,10,10,5,5,44,45
511.5313,30,30,10,10,5,5,45,45
513.3683,29,30,10,10,5,5,44,45
513.3683,30,30,10,10,5,5,45,45
516.1416,29,30,10,10,5,5,44,45
516.1416,30,30,10,10,5,5,45,45
517.2122,29,30,10,10,5,5,44,45
517.2122,30,30,10,10,5,5,45,45
522.3462,29,30,10,10,5,5,44,45
522.3462,30,30,10,10,5,5,45,45
526.9052,29,30,10,10,5,5,44,45
526.9052,30,30,10,10,5,5,45,45
529.9655,29,30,10,10,5,5,44,45
529.9655,30,30,10,10,5,5,45,45
531.197,29,30,10,10,5,5,44,45
531.197,30,30,10,10,5,5,45,45
532.7337,29,30,10,10,5,5,44,45
532.7337,30,30,10,10,5,5,45,45
535.7622,30,30,9,10,5,5,44,45
535.7622,30,30,10,10,5,5,45,45
538.2492,29,30,10,10,5,5,44,45
538.2492,30,30,10,10,5,5,45,45
544.5637,29,30,10,10,5,5,44,45
544.5637,30,30,10,10,5,5,45,45
548.8486,29,30,10,10,5,5,44,45
548.8486,30,30,10,10,5,5,45,45
552.9367,29,30,10,10,5,5,44,45
552.9367,30,30,10,10,5,5,45,45
554.6509,29,30,10,10,5,5,44,45
554.6509,30,30,10,10,5,5,45,45
558.4912,29,30,10,10,5,5,44,45
558.4912,30,30,10,10,5,5,45,45
561.7172,29,30,10,10,5,5,44,45
561.7172,30,30,10,10,5,5,45,45
565.0815,29,30,10,10,5,5,44,45
565.0815,30,30,10,10,5,5,45,45
566.3767,29,30,10,10,5,5,44,45
566.3767,30,30,10,10,5,5,45,45
573.9016,29,30,10,10,5,5,44,45
573.9016,30,30,10,10,5,5,45,45
574.7746,29,30,10,10,5,5,44,45
574.7746,30,30,10,10,5,5,45,45
576.683,29,30,10,10,5,5,44,45
576.683,30,30,10,10,5,5,45,45
579.3374,29,30,10,10,5,5,44,45
579.3374,30,30,10,10,5,5,45,45
579.4519,30,30,9,10,5,5,44,45
579.4519,30,30,10,10,5,5,45,45
581.3772,29,30,10,10,5,5,44,45
581.3772,30,30,10,10,5,5,45,45
585.7883,30,30,10,10,4,5,44,45
585.7883,30,30,10,10,5,5,45,45
586.9538,29,30,10,10,5,5,44,45
586.9538,30,30,10,10,5,5,45,45
590.1526,29,30,10,10,5,5,44,45
590.1526,30,30,10,10,5,5,45,45
590.7375,29,30,10,10,5,5,44,45
590.7375,30,30,10,10,5,5,45,45
591.2547,29,30,10,10,5,5,44,45
591.2547,30,30,10,10,5,5,45,45
596.3866,30,30,9,10,5,5,44,45
596.3866,30,30,10,10,5,5,45,45
598.5913,30,30,9,10,5,5,44,45
598.5913,30,30,10,10,5,5,45,45
612.5237,30,30,9,10,5,5,44,45
612.5237,30,30,10,10,5,5,45,45
612.84,29,30,10,10,5,5,44,45
612.84,30,30,10,10,5,5,45,45
613.9174,29,30,10,10,5,5,44,45
613.9174,30,30,10,10,5,5,45,45
616.4077,30,30,9,10,5,5,44,45
616.4077,30,30,10,10,5,5,45,45
634.4471,29,30,10,10,5,5,44,45
634.4471,30,30,10,10,5,5,45,45
642.9411,30,30,10,10,4,5,44,45
642.9411,30,30,10,10,5,5,45,45
643.4415,29,30,10,10,5,5,44,45
643.4415,30,30,10,10,5,5,45,45
650.0124,29,30,10,10,5,5,44,45
650.0124,30,30,10,10,5,5,45,45
653.5408,29,30,10,10,5,5,44,45
653.5408,30,30,10,10,5,5,45,45
653.7806,29,30,10,10,5,5,44,45
653.7806,30,30,10,10,5,5,45,45
657.3965,30,30,9,10,5,5,44,45
657.3965,30,30,10,10,5,5,45,45
665.2427,29,30,10,10,5,5,44,45
665.2427,30,30,10,10,5,5,45,45
665.6364,29,30,10,10,5,5,44,45
665.6364,30,30,10,10,5,5,45,45
667.2614,29,30,10,10,5,5,44,45
667.2614,30,30,10,10,5,5,45,45
676.1697,30,30,9,10,5,5,44,45
676.1697,30,30,10,10,5,5,45,45
679.9207,29,30,10,10,5,5,44,45
679.9207,30,30,10,10,5,5,45,45
681.0412,30,30,9,10,5,5,44,45
681.0412,30,30,10,10,5,5,45,45
681.1579,29,30,10,10,5,5,44,45
681.1579,30,30,10,10,5,5,45,45
683.416,29,30,10,10,5,5,44,45
683.416,30,30,10,10,5,5,45,45
684.9665,29,30,10,10,5,5,44,45
684.9665,30,30,10,10,5,5,45,45
686.24,29,30,10,10,5,5,44,45
686.24,30,30,10,10,5,5,45,45
686.8323,29,30,10,10,5,5,44,45
686.8323,30,30,10,10,5,5,45,45
691.1806,29,30,10,10,5,5,44,45
691.1806,30,30,10,10,5,5,45,45
693.0768,30,30,9,10,5,5,44,45
693.0768,30,30,10,10,5,5,45,45
705.1719,29,30,10,10,5,5,44,45
705.1719,30,30,10,10,5,5,45,45
705.5542,29,30,10,10,5,5,44,45
705.5542,30,30,10,10,5,5,45,45
706.4503,29,30,10,10,5,5,44,45
706.4503,30,30,10,10,5,5,45,45
713.5573,29,30,10,10,5,5,44,45
713.5573,30,30,10,10,5,5,45,45
722.7534,29,30,10,10,5,5,44,45
722.7534,30,30,10,10,5,5,45,45
723.594,29,30,10,10,5,5,44,45
723.594,30,30,10,10,5,5,45,45
724.7316,29,30,10,10,5,5,44,45
724.7316,30,30,10,10,5,5,45,45
726.3316,30,30,10,10,4,5,44,45
726.3316,30,30,10,10,5,5,45,45
727.2045,29,30,10,10,5,5,44,45
727.2045,30,30,10,10,5,5,45,45
727.7464,29,30,10,10,5,5,44,45
727.7464,30,30,10,10,5,5,45,45
734.9812,29,30,10,10,5,5,44,45
734.9812,30,30,10,10,5,5,45,45
737.1228,29,30,10,10,5,5,44,45
737.1228,30,30,10,10,5,5,45,45
740.1065,30,30,9,10,5,5,44,45
740.1065,30,30,10,10,5,5,45,45
740.7127,29,30,10,10,5,5,44,45
740.7127,30,30,10,10,5,5,45,45
752.5362,29,30,10,10,5,5,44,45
752.5362,30,30,10,10,5,5,45,45
752.6037,30,30,9,10,5,5,44,45
752.6037,30,30,10,10,5,5,45,45
763.314,29,30,10,10,5,5,44,45
763.314,30,30,10,10,5,5,45,45
765.7691,30,30,9,10,5,5,44,45
765.7691,30,30,10,10,5,5,45,45
769.2599,29,30,10,10,5,5,44,45
769.2599,30,30,10,10,5,5,45,45
773.3673,29,30,10,10,5,5,44,45
773.3673,30,30,10,10,5,5,45,45
774.1833,29,30,10,10,5,5,44,45
774.1833,30,30,10,10,5,5,45,45
775.6179,29,30,10,10,5,5,44,45
775.6179,30,30,10,10,5,5,45,45
778.5578,29,30,10,10,5,5,44,45
778.5578,30,30,10,10,5,5,45,45
784.4506,29,30,10,10,5,5,44,45
784.4506,30,30,10,10,5,5,45,45
787.2077,30,30,9,10,5,5,44,45
787.2077,30,30,10,10,5,5,45,45
789.8894,30,30,9,10,5,5,44,45
789.8894,30,30,10,10,5,5,45,45
790.3707,29,30,10,10,5,5,44,45
790.3707,30,30,10,10,5,5,45,45
791.5447,30,30,10,10,4,5,44,45
791.5447,30,30,10,10,5,5,45,45
792.9512,29,30,10,10,5,5,44,45
792.9512,30,30,10,10,5,5,45,45
797.1078,30,30,9,10,5,5,44,45
797.1078,30,30,10,10,5,5,45,45
797.5304,29,30,10,10,5,5,44,45
797.5304,30,30,10,10,5,5,45,45
803.6112,29,30,10,10,5,5,44,45
803.6112,30,30,10,10,5,5,45,45
804.294,29,30,10,10,5,5,44,45
804.294,30,30,10,10,5,5,45,45
813.5753,29,30,10,10,5,5,44,45
813.5753,30,30,10,10,5,5,45,45
815.3872,29,30,10,10,5,5,44,45
815.3872,30,30,10,10,5,5,45,45
820.3055,29,30,10,10,5,5,44,45
820.3055,30,30,10,10,5,5,45,45
820.6801,30,30,9,10,5,5,44,45
820.6801,30,30,10,10,5,5,45,45
827.55,29,30,10,10,5,5,44,45
827.55,30,30,10,10,5,5,45,45
827.7836,29,30,10,10,5,5,44,45
827.7836,30,30,10,10,5,5,45,45
831.1117,29,30,10,10,5,5,44,45
831.1117,30,30,10,10,5,5,45,45
845.1114,29,30,10,10,5,5,44,45
845.1114,30,30,10,10,5,5,45,45
846.467,29,30,10,10,5,5,44,45
846.467,30,30,10,10,5,5,45,45
848.2509,29,30,10,10,5,5,44,45
848.2509,30,30,10,10,5,5,45,45
850.8404,30,30,10,10,4,5,44,45
850.8404,30,30,10,10,5,5,45,45
856.9949,30,30,10,10,4,5,44,45
856.9949,30,30,10,10,5,5,45,45
857.9436,30,30,10,10,4,5,44,45
857.9436,30,30,10,10,5,5,45,45
858.6644,29,30,10,10,5,5,44,45
858.6644,30,30,10,10,5,5,45,45
859.0793,29,30,10,10,5,5,44,45
859.0793,30,30,10,10,5,5,45,45
868.9626,29,30,10,10,5,5,44,45
868.9626,30,30,10,10,5,5,45,45
874.0455,29,30,10,10,5,5,44,45
874.0455,30,30,10,10,5,5,45,45
874.4657,29,30,10,10,5,5,44,45
874.4657,30,30,10,10,5,5,45,45
876.3122,30,30,10,10,4,5,44,45
876.3122,30,30,10,10,5,5,45,45
876.9014,29,30,10,10,5,5,44,45
876.9014,30,30,10,10,5,5,45,45
877.3041,29,30,10,10,5,5,44,45
877.3041,30,30,10,10,5,5,45,45
878.9892,29,30,10,10,5,5,44,45
878.9892,30,30,10,10,5,5,45,45
881.6091,29,30,10,10,5,5,44,45
881.6091,30,30,10,10,5,5,45,45
883.7887,30,30,9,10,5,5,44,45
883.7887,30,30,10,10,5,5,45,45
884.626,30,30,9,10,5,5,44,45
884.626,30,30,10,10,5,5,45,45
892.8542,29,30,10,10,5,5,44,45
892.8542,30,30,10,10,5,5,45,45
895.807,30,30,9,10,5,5,44,45
895.807,30,30,10,10,5,5,45,45
901.5422,29,30,10,10,5,5,44,45
901.5422,30,30,10,10,5,5,45,45
902.9441,29,30,10,10,5,5,44,45
902.9441,30,30,10,10,5,5,45,45
902.9539,29,30,10,10,5,5,44,45
902.9539,30,30,10,10,5,5,45,45
904.5711,30,30,9,10,5,5,44,45
904.5711,30,30,10,10,5,5,45,45
905.7058,29,30,10,10,5,5,44,45
905.7058,30,30,10,10,5,5,45,45
909.734,29,30,10,10,5,5,44,45
909.734,30,30,10,10,5,5,45,45
917.7454,29,30,10,10,5,5,44,45
917.7454,30,30,10,10,5,5,45,45
920.2671,29,30,10,10,5,5,44,45
920.2671,30,30,10,10,5,5,45,45
920.3381,29,30,10,10,5,5,44,45
920.3381,30,30,10,10,5,5,45,45
925.4341,29,30,10,10,5,5,44,45
925.4341,30,30,10,10,5,5,45,45
928.2375,29,30,10,10,5,5,44,45
928.2375,30,30,10,10,5,5,45,45
931.2902,29,30,10,10,5,5,44,45
931.2902,30,30,10,10,5,5,45,45
933.0565,29,30,10,10,5,5,44,45
933.0565,30,30,10,10,5,5,45,45
934.5299,29,30,10,10,5,5,44,45
934.5299,30,30,10,10,5,5,45,45
940.1835,29,30,10,10,5,5,44,45
940.1835,30,30,10,10,5,5,45,45
942.6916,30,30,9,10,5,5,44,45
942.6916,30,30,10,10,5,5,45,45
956.7509,30,30,9,10,5,5,44,45
956.7509,30,30,10,10,5,5,45,45
959.2643,29,30,10,10,5,5,44,45
959.2643,30,30,10,10,5,5,45,45
965.5931,29,30,10,10,5,5,44,45
965.5931,30,30,10,10,5,5,45,45
966.7837,29,30,10,10,5,5,44,45
966.7837,30,30,10,10,5,5,45,45
971.615,29,30,10,10,5,5,44,45
971.615,30,30,10,10,5,5,45,45
979.2574,29,30,10,10,5,5,44,45
979.2574,30,30,10,10,5,5,45,45
980.7544,29,30,10,10,5,5,44,45
980.7544,30,30,10,10,5,5,45,45
985.8966,29,30,10,10,5,5,44,45
985.8966,30,30,10,10,5,5,45,45
986.4523,30,30,9,10,5,5,44,45
986.4523,30,30,10,10,5,5,45,45
989.7957,29,30,10,10,5,5,44,45
989.7957,30,30,10,10,5,5,45,45
994.4939,29,30,10,10,5,5,44,45
994.4939,30,30,10,10,5,5,45,45
996.1348,29,30,10,10,5,5,44,45
996.1348,30,30,10,10,5,5,45,45
1002.7482,29,30,10,10,5,5,44,45
1002.7482,30,30,10,10,5,5,45,45
1009.1625,29,30,10,10,5,5,44,45
1009.1625,30,30,10,10,5,5,45,45
1010.8636,29,30,10,10,5,5,44,45
1010.8636,30,30,10,10,5,5,45,45
1018.6205,29,30,10,10,5,5,44,45
1018.6205,30,30,10,10,5,5,45,45
1022.11,29,30,10,10,5,5,44,45
1022.11,30,30,10,10,5,5,45,45
1022.835,29,30,10,10,5,5,44,45
1022.835,30,30,10,10,5,5,45,45
1024.2811,29,30,10,10,5,5,44,45
1024.2811,30,30,10,10,5,5,45,45
1027.6384,29,30,10,10,5,5,44,45
1027.6384,30,30,10,10,5,5,45,45
1039.0312,29,30,10,10,5,5,44,45
1039.0312,30,30,10,10,5,5,45,45
1039.2078,29,30,10,10,5,5,44,45
1039.2078,30,30,10,10,5,5,45,45
1041.0069,30,30,9,10,5,5,44,45
1041.0069,30,30,10,10,5,5,45,45
1041.6007,29,30,10,10,5,5,44,45
1041.6007,30,30,10,10,5,5,45,45
1042.6291,29,30,10,10,5,5,44,45
1042.6291,30,30,10,10,5,5,45,45
1043.0232,29,30,10,10,5,5,44,45
1043.0232,30,30,10,10,5,5,45,45
1044.432,30,30,9,10,5,5,44,45
1044.432,30,30,10,10,5,5,45,45
1046.2849,29,30,10,10,5,5,44,45
1046.2849,30,30,10,10,5,5,45,45
1046.6022,30,30,10,10,4,5,44,45
1046.6022,30,30,10,10,5,5,45,45
1047.0575,29,30,10,10,5,5,44,45
1047.0575,30,30,10,10,5,5,45,45
1048.2107,29,30,10,10,5,5,44,45
1048.2107,30,30,10,10,5,5,45,45
1049.422,29,30,10,10,5,5,44,45
1049.422,30,30,10,10,5,5,45,45
1052.5813,30,30,9,10,5,5,44,45
1052.5813,30,30,10,10,5,5,45,45
1063.7504,29,30,10,10,5,5,44,45
1063.7504,30,30,10,10,5,5,45,45
1067.5043,30,30,10,10,4,5,44,45
1067.5043,30,30,10,10,5,5,45,45
1082.0854,29,30,10,10,5,5,44,45
1082.0854,30,30,10,10,5,5,45,45
1082.4064,30,30,9,10,5,5,44,45
1082.4064,30,30,10,10,5,5,45,45
1085.9108,29,30,10,10,5,5,44,45
1085.9108,30,30,10,10,5,5,45,45
1089.7834,29,30,10,10,5,5,44,45
1089.7834,30,30,10,10,5,5,45,45
1090.5194,29,30,10,10,5,5,44,45
1090.5194,30,30,10,10,5,5,45,45
1092.5775,29,30,10,10,5,5,44,45
1092.5775,30,30,10,10,5,5,45,45
1095.2212,29,30,10,10,5,5,44,45
1095.2212,30,30,10,10,5,5,45,45
1095.3418,30,30,9,10,5,5,44,45
1095.3418,30,30,10,10,5,5,45,45
1097.0251,30,30,10,10,4,5,44,45
1097.0251,30,30,10,10,5,5,45,45
1103.8125,29,30,10,10,5,5,44,45
1103.8125,30,30,10,10,5,5,45,45
1104.5151,29,30,10,10,5,5,44,45
1104.5151,30,30,10,10,5,5,45,45
1106.1037,29,30,10,10,5,5,44,45
1106.1037,30,30,10,10,5,5,45,45
1107.1141,29,30,10,10,5,5,44,45
1107.1141,30,30,10,10,5,5,45,45
1108.6725,30,30,10,10,4,5,44,45
1108.6725,30,30,10,10,5,5,45,45
1113.1774,29,30,10,10,5,5,44,45
1113.1774,30,30,10,10,5,5,45,45
1114.4726,29,30,10,10,5,5,44,45
1114.4726,30,30,10,10,5,5,45,45
1116.0218,30,30,9,10,5,5,44,45
1116.0218,30,30,10,10,5,5,45,45
1117.5523,29,30,10,10,5,5,44,45
1117.5523,30,30,10,10,5,5,45,45
1121.9065,30,30,9,10,5,5,44,45
1121.9065,30,30,10,10,5,5,45,45
1124.0162,29,30,10,10,5,5,44,45
1124.0162,30,30,10,10,5,5,45,45
1126.961,29,30,10,10,5,5,44,45
1126.961,30,30,10,10,5,5,45,45
1128.2269,29,30,10,10,5,5,44,45
1128.2269,30,30,10,10,5,5,45,45
1130.5134,29,30,10,10,5,5,44,45
1130.5134,30,30,10,10,5,5,45,45
1131.9087,30,30,9,10,5,5,44,45
1131.9087,30,30,10,10,5,5,45,45
1133.8283,29,30,10,10,5,5,44,45
1133.8283,30,30,10,10,5,5,45,45
1135.6339,29,30,10,10,5,5,44,45
1135.6339,30,30,10,10,5,5,45,45
1140.8721,29,30,10,10,5,5,44,45
1140.8721,30,30,10,10,5,5,45,45
1144.4479,29,30,10,10,5,5,44,45
1144.4479,30,30,10,10,5,5,45,45
1149.956,29,30,10,10,5,5,44,45
1149.956,30,30,10,10,5,5,45,45
1153.9608,29,30,10,10,5,5,44,45
1153.9608,30,30,10,10,5,5,45,45
1154.8809,29,30,10,10,5,5,44,45
1154.8809,30,30,10,10,5,5,45,45
1157.9498,29,30,10,10,5,5,44,45
1157.9498,30,30,10,10,5,5,45,45
1170.8822,29,30,10,10,5,5,44,45
1170.8822,30,30,10,10,5,5,45,45
1173.9327,29,30,10,10,5,5,44,45
1173.9327,30,30,10,10,5,5,45,45
1184.4876,29,30,10,10,5,5,44,45
1184.4876,30,30,10,10,5,5,45,45
1184.6105,29,30,10,10,5,5,44,45
1184.6105,30,30,10,10,5,5,45,45
1185.3434,30,30,9,10,5,5,44,45
1185.3434,30,30,10,10,5,5,45,45
1188.6461,29,30,10,10,5,5,44,45
1188.6461,30,30,10,10,5,5,45,45
1191.2372,29,30,10,10,5,5,44,45
1191.2372,30,30,10,10,5,5,45,45
1201.8155,29,30,10,10,5,5,44,45
1201.8155,30,30,10,10,5,5,45,45
1204.7456,29,30,10,10,5,5,44,45
1204.7456,30,30,10,10,5,5,45,45
1206.0447,29,30,10,10,5,5,44,45
1206.0447,30,30,10,10,5,5,45,45
1213.0448,30,30,9,10,5,5,44,45
1213.0448,30,30,10,10,5,5,45,45
1213.2207,29,30,10,10,5,5,44,45
1213.2207,30,30,10,10,5,5,45,45
1213.2948,29,30,10,10,5,5,44,45
1213.2948,30,30,10,10,5,5,45,45
1216.8393,29,30,10,10,5,5,44,45
1216.8393,30,30,10,10,5,5,45,45
1217.5568,29,30,10,10,5,5,44,45
1217.5568,30,30,10,10,5,5,45,45
1219.1886,29,30,10,10,5,5,44,45
1219.1886,30,30,10,10,5,5,45,45
1219.5131,29,30,10,10,5,5,44,45
1219.5131,30,30,10,10,5,5,45,45
1223.2225,29,30,10,10,5,5,44,45
1223.2225,30,30,10,10,5,5,45,45
1229.6998,30,30,9,10,5,5,44,45
1229.6998,30,30,10,10,5,5,45,45
1230.8572,29,30,10,10,5,5,44,45
1230.8572,30,30,10,10,5,5,45,45
1234.1652,30,30,10,10,4,5,44,45
1234.1652,30,30,10,10,5,5,45,45
1243.0234,29,30,10,10,5,5,44,45
1243.0234,30,30,10,10,5,5,45,45
1244.7794,29,30,10,10,5,5,44,45
1244.7794,30,30,10,10,5,5,45,45
1247.1078,29,30,10,10,5,5,44,45
1247.1078,30,30,10,10,5,5,45,45
1254.0486,29,30,10,10,5,5,44,45
1254.0486,30,30,10,10,5,5,45,45
1254.3169,29,30,10,10,5,5,44,45
1254.3169,30,30,10,10,5,5,45,45
1254.5828,29,30,10,10,5,5,44,45
1254.5828,30,30,10,10,5,5,45,45
1255.1595,29,30,10,10,5,5,44,45
1255.1595,30,30,10,10,5,5,45,45
1260.7931,30,30,10,10,4,5,44,45
1260.7931,30,30,10,10,5,5,45,45
1274.4185,29,30,10,10,5,5,44,45
1274.4185,30,30,10,10,5,5,45,45
1276.6787,29,30,10,10,5,5,44,45
1276.6787,30,30,10,10,5,5,45,45
1277.2727,29,30,10,10,5,5,44,45
1277.2727,30,30,10,10,5,5,45,45
1280.9757,30,30,9,10,5,5,44,45
1280.9757,30,30,10,10,5,5,45,45
1282.5354,29,30,10,10,5,5,44,45
1282.5354,30,30,10,10,5,5,45,45
1283.1455,30,30,9,10,5,5,44,45
1283.1455,30,30,10,10,5,5,45,45
1296.3979,29,30,10,10,5,5,44,45
1296.3979,30,30,10,10,5,5,45,45
1301.4773,30,30,9,10,5,5,44,45
1301.4773,30,30,10,10,5,5,45,45
1302.5835,29,30,10,10,5,5,44,45
1302.5835,30,30,10,10,5,5,45,45
1305.0252,30,30,9,10,5,5,44,45
1305.0252,30,30,10,10,5,5,45,45
1305.7364,30,30,9,10,5,5,44,45
1305.7364,30,30,10,10,5,5,45,45
1309.9655,29,30,10,10,5,5,44,45
1309.9655,30,30,10,10,5,5,45,45
1310.2506,29,30,10,10,5,5,44,45
1310.2506,30,30,10,10,5,5,45,45
1313.8969,30,30,9,10,5,5,44,45
1313.8969,30,30,10,10,5,5,45,45
1315.1566,29,30,10,10,5,5,44,45
1315.1566,30,30,10,10,5,5,45,45
1316.4225,29,30,10,10,5,5,44,45
1316.4225,30,30,10,10,5,5,45,45
1317.3878,29,30,10,10,5,5,44,45
1317.3878,30,30,10,10,5,5,45,45
1330.7275,29,30,10,10,5,5,44,45
1330.7275,30,30,10,10,5,5,45,45
1332.0363,29,30,10,10,5,5,44,45
1332.0363,30,30,10,10,5,5,45,45
1336.623,29,30,10,10,5,5,44,45
1337.1021,28,30,10,10,5,5,43,45
1341.628,27,30,10,10,5,5,42,45
1342.1497,27,30,10,10,4,5,41,45
1342.1497,27,30,10,10,5,5,42,45
1342.736,26,30,10,10,5,5,41,45
1344.4536,26,30,9,10,5,5,40,45
1344.4536,26,30,10,10,5,5,41,45
1345.9031,25,30,10,10,5,5,40,45
1346.5194,25,30,10,10,4,5,39,45
1346.5194,25,30,10,10,5,5,40,45
1348.0836,24,30,10,10,5,5,39,45
1350.7437,24,30,9,10,5,5,38,45
1350.7437,24,30,10,10,5,5,39,45
1353.1068,23,30,10,10,5,5,38,45
1357.6587,23,30,9,10,5,5,37,45
1357.6587,23,30,10,10,5,5,38,45
1362.919,22,30,10,10,5,5,37,45
1364.1083,21,30,10,10,5,5,36,45
1365.9443,20,30,10,10,5,5,35,45
1369.7689,19,30,10,10,5,5,34,45
1370.6801,18,30,10,10,5,5,33,45
1372.0837,17,30,10,10,5,5,32,45
1378.0445,16,30,10,10,5,5,31,45
1378.2957,15,30,10,10,5,5,30,45
1380.7411,14,30,10,10,5,5,29,45
1382.8404,13,30,10,10,5,5,28,45
1388.1975,13,30,9,10,5,5,27,45
1388.1975,13,30,10,10,5,5,28,45
1390.9671,13,30,9,10,5,5,27,45
1390.9671,13,30,10,10,5,5,28,45
1393.0694,13,30,10,10,4,5,27,45
1393.0694,13,30,10,10,5,5,28,45
1394.4488,12,30,10,10,5,5,27,45
1395.5816,12,30,9,10,5,5,26,45
1395.5816,12,30,10,10,5,5,27,45
1396.4241,11,30,10,10,5,5,26,45
1404.1756,10,30,10,10,5,5,25,45
1408.2354,9,30,10,10,5,5,24,45
1408.3463,8,30,10,10,5,5,23,45
1415.8005,8,30,10,10,4,5,22,45
1415.8005,8,30,10,10,5,5,23,45
1416.2984,7,30,10,10,5,5,22,45
1417.5073,6,30,10,10,5,5,21,45
1419.1205,5,30,10,10,5,5,20,45
1426.9129,5,30,9,10,5,5,19,45
1426.9129,5,30,10,10,5,5,20,45
1429.9685,4,30,10,10,5,5,19,45
1433.8996,3,30,10,10,5,5,18,45
1466.4127,2,30,10,10,5,5,17,45
1490.7394,2,30,9,10,5,5,16,45
1493.8352,2,30,8,10,5,5,15,45
1494.8078,2,30,7,10,5,5,14,45
1499.3352,1,30,7,10,5,5,13,45
1510.4253,1,30,6,10,5,5,12,45
1512.5686,1,30,6,10,4,5,11,45
1515.8182,1,30,5,10,4,5,10,45
1534.3633,1,30,4,10,4,5,9,45
1538.2849,0,30,4,10,4,5,8,45
1584.8178,0,30,4,10,3,5,7,45
1594.7693,0,30,4,10,2,5,6,45
1595.4708,0,30,3,10,2,5,5,45
1603.5457,0,30,2,10,2,5,4,45
1606.5814,0,30,2,10,1,5,3,45
1622.2378,0,30,1,10,1,5,2,45
1623.8438,0,30,0,10,1,5,1,45
1645.1482,0,30,0,10,0,5,0,45
