patient_id,arrival_time,acuity,terminal_status,admission_time,departure_time,bed_type,actual_los,waiting_time
1,4.1872,1,ADMITTED,4.1872,86.4862,General,82.2991,0.0
2,8.9521,2,ADMITTED,8.9521,214.2051,Monitored,205.253,0.0
3,11.8578,1,ADMITTED,11.8578,162.501,General,150.6432,0.0
4,12.0929,2,ADMITTED,12.0929,134.1611,Monitored,122.0683,0.0
5,13.7438,1,ADMITTED,13.7438,69.4033,General,55.6594,0.0
6,14.406,2,ADMITTED,14.406,281.6765,Monitored,267.2704,0.0
7,14.4145,1,ADMITTED,14.4145,142.0166,General,127.6021,0.0
8,17.7099,1,ADMITTED,17.7099,150.8056,General,133.0957,0.0
9,18.3862,1,ADMITTED,18.3862,199.8378,General,181.4516,0.0
10,20.6136,1,ADMITTED,20.6136,303.7397,General,283.126,0.0
11,27.0715,2,ADMITTED,27.0715,187.6842,Monitored,160.6127,0.0
12,31.1035,2,ADMITTED,31.1035,224.5241,Monitored,193.4206,0.0
13,32.3913,1,ADMITTED,32.3913,184.7568,General,152.3655,0.0
14,35.1752,1,ADMITTED,35.1752,193.431,General,158.2558,0.0
15,42.8616,3,ADMITTED,42.8616,245.4264,Critical,202.5649,0.0
16,43.2616,2,ADMITTED,43.2616,234.688,Monitored,191.4264,0.0
17,44.3484,2,ADMITTED,44.3484,174.0857,Monitored,129.7373,0.0
18,44.8495,2,ADMITTED,44.8495,216.4499,Monitored,171.6004,0.0
19,50.2144,1,ADMITTED,50.2144,162.6723,General,112.4579,0.0
20,52.4769,2,ADMITTED,52.4769,196.3015,Monitored,143.8246,0.0
21,52.5268,2,ADMITTED,52.5268,346.036,Monitored,293.5091,0.0
22,53.9446,1,ADMITTED,53.9446,165.407,General,111.4624,0.0
23,63.0031,1,ADMITTED,63.0031,158.8201,General,95.817,0.0
24,64.125,3,ADMITTED,64.125,269.7735,Critical,205.6485,0.0
25,64.5308,1,ADMITTED,64.5308,391.4735,General,326.9427,0.0
26,69.934,1,ADMITTED,69.934,169.2971,General,99.3631,0.0
27,70.7461,1,ADMITTED,70.7461,255.2424,General,184.4963,0.0
28,74.6823,2,ADMITTED,134.1611,235.6221,Monitored,101.4609,59.4788
29,78.1342,1,ADMITTED,78.1342,149.5743,General,71.44,0.0
30,78.6049,1,ADMITTED,78.6049,246.7983,General,168.1935,0.0
31,79.1672,2,ADMITTED,174.0857,387.5418,Monitored,213.4561,94.9185
32,80.8148,3,ADMITTED,80.8148,318.6563,Critical,237.8415,0.0
33,83.5548,1,ADMITTED,83.5548,170.3799,General,86.8251,0.0
34,83.9193,1,ADMITTED,83.9193,191.0798,General,107.1604,0.0
35,87.0548,1,ADMITTED,87.0548,304.1711,General,217.1163,0.0
36,89.2737,1,ADMITTED,89.2737,219.116,General,129.8422,0.0
37,93.0133,2,ADMITTED,187.6842,294.7992,Monitored,107.115,94.6709
38,99.0706,1,ADMITTED,99.0706,189.5658,General,90.4951,0.0
39,99.1834,3,ADMITTED,99.1834,340.4736,Critical,241.2902,0.0
40,100.2626,1,ADMITTED,100.2626,178.0274,General,77.7648,0.0
41,102.8886,1,ADMITTED,102.8886,234.5642,General,131.6756,0.0
42,108.0288,1,ADMITTED,108.0288,243.7992,General,135.7704,0.0
43,111.5477,3,ADMITTED,111.5477,327.7947,Critical,216.247,0.0
44,112.7305,1,ADMITTED,112.7305,240.8061,General,128.0756,0.0
45,117.0387,1,ADMITTED,117.0387,229.3207,General,112.282,0.0
46,118.2286,1,ADMITTED,118.2286,216.033,General,97.8044,0.0
47,123.0706,1,ADMITTED,123.0706,299.788,General,176.7174,0.0
48,126.7292,1,ADMITTED,126.7292,290.4128,General,163.6836,0.0
49,135.3763,1,ADMITTED,135.3763,283.3502,General,147.974,0.0
50,137.8895,1,ADMITTED,137.8895,255.7885,General,117.899,0.0
51,138.6613,1,ADMITTED,142.0166,362.7282,General,220.7116,3.3553
52,146.2404,2,ADMITTED,196.3015,300.0074,Monitored,103.7059,50.0611
53,152.0974,1,ADMITTED,152.0974,267.9567,General,115.8592,0.0
54,155.8032,2,ADMITTED,214.2051,360.8014,Monitored,146.5963,58.402
55,156.4713,1,ADMITTED,156.4713,361.1536,General,204.6822,0.0
56,157.8184,1,ADMITTED,158.8201,238.7603,General,79.9402,1.0018
57,160.9272,3,ADMITTED,245.4264,384.3629,Critical,138.9364,84.4992
58,163.5856,2,ADMITTED,216.4499,320.6024,Monitored,104.1525,52.8643
59,164.0366,1,ADMITTED,164.0366,289.1649,General,125.1284,0.0
60,164.129,1,ADMITTED,164.129,252.7016,General,88.5726,0.0
61,164.1995,1,ADMITTED,165.407,315.3871,General,149.98,1.2075
62,166.4278,1,ADMITTED,169.2971,252.5124,General,83.2153,2.8693
63,168.8606,2,ADMITTED,224.5241,375.4824,Monitored,150.9583,55.6636
64,169.0577,1,ADMITTED,170.3799,225.8232,General,55.4433,1.3223
65,170.082,1,ADMITTED,178.0274,360.4353,General,182.4079,7.9454
66,170.416,1,ADMITTED,184.7568,395.4692,General,210.7123,14.3408
67,170.7243,2,ADMITTED,234.688,374.1351,Monitored,139.4471,63.9637
68,170.8507,1,ADMITTED,189.5658,290.7111,General,101.1453,18.7151
69,171.248,3,ADMITTED,269.7735,474.6487,Critical,204.8752,98.5254
70,173.6179,1,ADMITTED,191.0798,365.7552,General,174.6754,17.4618
71,174.3295,1,ADMITTED,193.431,365.6718,General,172.2408,19.1014
72,177.8358,2,ADMITTED,235.6221,409.9739,Monitored,174.3518,57.7863
73,181.3781,3,ADMITTED,318.6563,857.9436,Critical,539.2873,137.2782
74,188.8453,1,ADMITTED,199.8378,306.3918,General,106.5541,10.9925
75,190.4671,1,ADMITTED,216.033,362.2884,General,146.2553,25.566
76,192.2243,2,ADMITTED,281.6765,579.4519,Monitored,297.7754,89.4522
77,192.399,1,ADMITTED,219.116,316.4034,General,97.2874,26.717
78,198.8292,1,ADMITTED,225.8232,312.7201,General,86.8968,26.994
79,200.1109,1,ADMITTED,229.3207,342.8888,General,113.5681,29.2099
80,201.6168,1,ADMITTED,234.5642,408.9392,General,174.375,32.9474
81,206.3917,1,ADMITTED,238.7603,412.2884,General,173.5281,32.3687
82,206.7585,2,ADMITTED,294.7992,422.9846,Monitored,128.1854,88.0407
83,207.1568,2,ADMITTED,300.0074,616.4077,Monitored,316.4003,92.8507
84,207.5975,1,ADMITTED,240.8061,305.8979,General,65.0917,33.2086
85,208.6767,1,ADMITTED,243.7992,307.6141,General,63.8148,35.1225
86,211.0229,3,ADMITTED,327.7947,585.7883,Critical,257.9936,116.7718
87,217.6795,1,ADMITTED,246.7983,379.0252,General,132.2268,29.1189
88,224.9132,1,ADMITTED,252.5124,381.5855,General,129.0731,27.5992
89,225.9546,1,ADMITTED,252.7016,376.2451,General,123.5435,26.747
90,228.9174,1,ADMITTED,255.2424,390.04,General,134.7977,26.3249
91,234.1979,1,ADMITTED,255.7885,484.2889,General,228.5004,21.5906
92,234.2808,1,ADMITTED,267.9567,381.7013,General,113.7446,33.6758
93,237.1203,2,ADMITTED,320.6024,448.5459,Monitored,127.9435,83.4821
94,238.3564,1,ADMITTED,283.3502,428.0983,General,144.748,44.9938
95,240.438,1,ADMITTED,289.1649,346.1369,General,56.972,48.7269
96,244.1384,3,ADMITTED,340.4736,494.6602,Critical,154.1866,96.3352
97,244.516,2,ADMITTED,346.036,445.2467,Monitored,99.2108,101.52
98,249.8092,1,ADMITTED,290.4128,381.8849,General,91.4721,40.6036
99,251.5035,1,ADMITTED,290.7111,482.1889,General,191.4778,39.2076
100,252.103,1,ADMITTED,299.788,395.1344,General,95.3464,47.685
101,263.0361,2,ADMITTED,360.8014,447.684,Monitored,86.8825,97.7653
102,263.3099,1,ADMITTED,303.7397,455.0617,General,151.3221,40.4298
103,266.2946,1,ADMITTED,304.1711,465.3329,General,161.1618,37.8764
104,271.1462,2,ADMITTED,374.1351,506.5239,Monitored,132.3887,102.989
105,274.1973,1,ADMITTED,305.8979,397.5133,General,91.6154,31.7005
106,281.9666,1,ADMITTED,306.3918,384.3399,General,77.9481,24.4252
107,282.2184,1,ADMITTED,307.6141,386.0247,General,78.4106,25.3957
108,283.7779,1,ADMITTED,312.7201,417.811,General,105.0909,28.9422
109,284.2549,1,ADMITTED,315.3871,455.7363,General,140.3492,31.1322
110,284.4637,2,ADMITTED,375.4824,502.2143,Monitored,126.7319,91.0187
111,284.694,1,ADMITTED,316.4034,462.9892,General,146.5858,31.7094
112,284.7664,2,ADMITTED,387.5418,681.0412,Monitored,293.4995,102.7753
113,286.3379,2,ADMITTED,409.9739,598.5913,Monitored,188.6174,123.636
114,293.117,1,ADMITTED,342.8888,499.7919,General,156.9031,49.7718
115,294.4072,1,ADMITTED,346.1369,491.8078,General,145.6709,51.7297
116,296.2667,3,ADMITTED,384.3629,642.9411,Critical,258.5782,88.0962
117,297.5201,1,ADMITTED,360.4353,529.9655,General,169.5302,62.9152
118,299.5739,2,ADMITTED,422.9846,596.3866,Monitored,173.402,123.4107
119,302.7271,1,ADMITTED,361.1536,401.7864,General,40.6329,58.4265
120,305.9017,1,ADMITTED,362.2884,453.4357,General,91.1474,56.3867
121,307.0818,2,ADMITTED,445.2467,535.7622,Monitored,90.5155,138.1649
122,310.643,1,ADMITTED,362.7282,455.7307,General,93.0025,52.0852
123,310.9065,1,ADMITTED,365.6718,532.7337,General,167.0619,54.7653
124,311.0992,2,ADMITTED,447.684,657.3965,Monitored,209.7125,136.5848
125,313.393,1,ADMITTED,365.7552,508.3849,General,142.6297,52.3622
126,314.3973,1,ADMITTED,376.2451,531.197,General,154.9519,61.8478
127,316.0922,1,ADMITTED,379.0252,469.0578,General,90.0326,62.933
128,317.5047,1,ADMITTED,381.5855,526.9052,General,145.3197,64.0808
129,318.8176,3,ADMITTED,474.6487,791.5447,Critical,316.8961,155.8311
130,323.2657,2,ADMITTED,448.5459,612.5237,Monitored,163.9777,125.2802
131,326.8458,3,ADMITTED,494.6602,726.3316,Critical,231.6714,167.8144
132,331.0216,1,ADMITTED,381.7013,444.7878,General,63.0865,50.6797
133,331.6923,1,ADMITTED,381.8849,511.5313,General,129.6464,50.1926
134,335.2969,2,ADMITTED,502.2143,676.1697,Monitored,173.9554,166.9174
135,335.9881,1,ADMITTED,384.3399,513.3683,General,129.0285,48.3518
136,340.1593,1,ADMITTED,386.0247,516.1416,General,130.1169,45.8654
137,341.9268,2,ADMITTED,506.5239,820.6801,Monitored,314.1562,164.5971
138,346.0218,1,ADMITTED,390.04,573.9016,General,183.8616,44.0182
139,348.869,1,ADMITTED,391.4735,561.7172,General,170.2437,42.6045
140,349.4683,2,ADMITTED,535.7622,693.0768,Monitored,157.3146,186.2939
141,349.8666,1,ADMITTED,395.1344,574.7746,General,179.6401,45.2679
142,364.3508,2,ADMITTED,579.4519,740.1065,Monitored,160.6546,215.1011
143,370.7606,1,ADMITTED,395.4692,613.9174,General,218.4483,24.7085
144,374.715,1,ADMITTED,397.5133,517.2122,General,119.6989,22.7983
145,375.6947,1,ADMITTED,401.7864,706.4503,General,304.6639,26.0917
146,381.3045,1,ADMITTED,408.9392,522.3462,General,113.407,27.6347
147,381.6336,1,ADMITTED,412.2884,590.7375,General,178.4491,30.6548
148,383.7159,2,ADMITTED,596.3866,789.8894,Monitored,193.5028,212.6707
149,386.8239,1,ADMITTED,417.811,552.9367,General,135.1257,30.9871
150,389.2296,3,ADMITTED,585.7883,876.3122,Critical,290.5239,196.5587
151,390.2629,1,ADMITTED,428.0983,558.4912,General,130.3929,37.8354
152,395.1889,1,ADMITTED,444.7878,554.6509,General,109.8631,49.5989
153,397.299,1,ADMITTED,453.4357,565.0815,General,111.6458,56.1367
154,397.5679,1,ADMITTED,455.0617,579.3374,General,124.2757,57.4938
155,399.6364,2,ADMITTED,598.5913,752.6037,Monitored,154.0124,198.955
156,399.801,3,REJECTED,,,NONE,205.2007,240.0
157,399.9947,1,ADMITTED,455.7307,650.0124,General,194.2817,55.7359
158,402.9582,1,ADMITTED,455.7363,538.2492,General,82.5129,52.7781
159,408.9407,1,ADMITTED,462.9892,576.683,General,113.6938,54.0485
160,410.1173,1,ADMITTED,465.3329,566.3767,General,101.0439,55.2156
161,414.4236,1,ADMITTED,469.0578,548.8486,General,79.7908,54.6342
162,414.4893,1,ADMITTED,482.1889,544.5637,General,62.3749,67.6995
163,416.5939,1,ADMITTED,484.2889,586.9538,General,102.6649,67.695
164,418.1568,1,ADMITTED,491.8078,581.3772,General,89.5694,73.6511
165,421.1389,2,ADMITTED,612.5237,787.2077,Monitored,174.684,191.3848
166,421.392,3,ADMITTED,642.9411,850.8404,Critical,207.8993,221.5491
167,423.0223,1,ADMITTED,499.7919,686.24,General,186.4481,76.7696
168,423.4893,1,ADMITTED,508.3849,612.84,General,104.4551,84.8956
169,423.8713,2,ADMITTED,616.4077,797.1078,Monitored,180.7001,192.5364
170,425.068,2,ADMITTED,657.3965,765.7691,Monitored,108.3727,232.3285
171,426.8507,1,ADMITTED,511.5313,591.2547,General,79.7234,84.6807
172,427.608,1,ADMITTED,513.3683,667.2614,General,153.8931,85.7604
173,430.5929,1,ADMITTED,516.1416,705.5542,General,189.4126,85.5487
174,431.4348,1,ADMITTED,517.2122,683.416,General,166.2039,85.7773
175,431.9412,2,REJECTED,,,NONE,310.9246,240.0
176,436.2218,1,ADMITTED,522.3462,763.314,General,240.9679,86.1244
177,436.6652,1,ADMITTED,526.9052,724.7316,General,197.8264,90.24
178,444.578,1,ADMITTED,529.9655,634.4471,General,104.4816,85.3875
179,452.1378,2,ADMITTED,676.1697,895.807,Monitored,219.6373,224.032
180,452.4622,1,ADMITTED,531.197,705.1719,General,173.9749,78.7348
181,452.6104,1,ADMITTED,532.7337,590.1526,General,57.4189,80.1232
182,453.0498,3,REJECTED,,,NONE,470.1909,240.0
183,453.2542,1,ADMITTED,538.2492,691.1806,General,152.9314,84.9949
184,455.5486,3,REJECTED,,,NONE,374.4843,240.0
185,456.9027,3,REJECTED,,,NONE,222.9463,240.0
186,461.3145,2,ADMITTED,681.0412,884.626,Monitored,203.5848,219.7268
187,463.1072,1,ADMITTED,544.5637,679.9207,General,135.3569,81.4565
188,466.082,1,ADMITTED,548.8486,643.4415,General,94.5928,82.7666
189,466.2788,2,ADMITTED,693.0768,942.6916,Monitored,249.6148,226.798
190,473.1321,2,REJECTED,,,NONE,215.1628,240.0
191,476.3925,2,REJECTED,,,NONE,100.3365,240.0
192,476.5442,1,ADMITTED,552.9367,775.6179,General,222.6812,76.3925
193,481.9011,1,ADMITTED,554.6509,665.6364,General,110.9855,72.7499
194,488.881,1,ADMITTED,558.4912,653.5408,General,95.0496,69.6102
195,489.6772,1,ADMITTED,561.7172,653.7806,General,92.0633,72.04
196,491.4399,1,ADMITTED,565.0815,752.5362,General,187.4547,73.6416
197,498.2602,3,ADMITTED,726.3316,856.9949,Critical,130.6633,228.0714
198,502.1638,1,ADMITTED,566.3767,723.594,General,157.2172,64.213
199,502.7226,2,ADMITTED,740.1065,956.7509,Monitored,216.6444,237.3838
200,511.065,1,ADMITTED,573.9016,665.2427,General,91.3411,62.8366
201,514.7967,2,ADMITTED,752.6037,883.7887,Monitored,131.185,237.807
202,515.1885,2,REJECTED,,,NONE,151.9152,240.0
203,519.9809,2,REJECTED,,,NONE,93.9509,240.0
204,522.2672,2,REJECTED,,,NONE,116.1196,240.0
205,525.4557,1,ADMITTED,574.7746,686.8323,General,112.0577,49.3189
206,527.6812,1,ADMITTED,576.683,734.9812,General,158.2981,49.0019
207,528.4807,3,REJECTED,,,NONE,268.3921,240.0
208,534.2356,2,ADMITTED,765.7691,904.5711,Monitored,138.802,231.5335
209,534.4436,1,ADMITTED,579.3374,684.9665,General,105.6291,44.8938
210,536.9914,2,REJECTED,,,NONE,131.7206,240.0
211,537.4913,3,REJECTED,,,NONE,239.7255,240.0
212,541.298,2,REJECTED,,,NONE,133.6203,240.0
213,541.8254,1,ADMITTED,581.3772,727.7464,General,146.3692,39.5518
214,546.2536,1,ADMITTED,586.9538,727.2045,General,140.2507,40.7002
215,546.9144,3,REJECTED,,,NONE,186.9105,240.0
216,547.2798,1,ADMITTED,590.1526,773.3673,General,183.2148,42.8728
217,547.68,3,REJECTED,,,NONE,261.8157,240.0
218,547.7177,2,ADMITTED,787.2077,1044.432,Monitored,257.2243,239.49
219,551.0681,2,ADMITTED,789.8894,1082.4064,Monitored,292.517,238.8213
220,555.4843,2,REJECTED,,,NONE,216.5432,240.0
221,556.1062,1,ADMITTED,590.7375,846.467,General,255.7295,34.6312
222,558.3319,2,ADMITTED,797.1078,1116.0218,Monitored,318.914,238.776
223,558.5575,2,REJECTED,,,NONE,64.4181,240.0
224,558.8823,2,REJECTED,,,NONE,152.8284,240.0
225,561.7586,1,ADMITTED,591.2547,737.1228,General,145.8681,29.4961
226,571.6171,1,ADMITTED,612.84,868.9626,General,256.1227,41.2229
227,572.9109,1,ADMITTED,613.9174,681.1579,General,67.2405,41.0066
228,580.0045,2,REJECTED,,,NONE,286.0586,240.0
229,582.6302,1,ADMITTED,634.4471,804.294,General,169.8469,51.8169
230,583.0933,1,ADMITTED,643.4415,874.4657,General,231.0242,60.3482
231,590.1305,1,ADMITTED,650.0124,722.7534,General,72.741,59.8819
232,592.3808,1,ADMITTED,653.5408,784.4506,General,130.9098,61.16
233,592.6076,3,ADMITTED,791.5447,1097.0251,Critical,305.4804,198.9371
234,599.3812,1,ADMITTED,653.7806,713.5573,General,59.7768,54.3993
235,599.9617,1,ADMITTED,665.2427,740.7127,General,75.47,65.281
236,600.6397,1,ADMITTED,665.6364,769.2599,General,103.6235,64.9967
237,601.4387,1,ADMITTED,667.2614,792.9512,General,125.6898,65.8227
238,604.9091,1,ADMITTED,679.9207,778.5578,General,98.6371,75.0116
239,608.3113,1,ADMITTED,681.1579,827.55,General,146.3921,72.8467
240,609.7517,2,ADMITTED,820.6801,1052.5813,Monitored,231.9012,210.9284
241,611.2629,1,ADMITTED,683.416,774.1833,General,90.7672,72.1532
242,616.2124,3,ADMITTED,850.8404,1260.7931,Critical,409.9528,234.628
243,618.4056,1,ADMITTED,684.9665,831.1117,General,146.1453,66.5609
244,619.2869,1,ADMITTED,686.24,790.3707,General,104.1307,66.9532
245,623.3468,2,REJECTED,,,NONE,263.9297,240.0
246,627.5502,1,ADMITTED,686.8323,845.1114,General,158.2791,59.2821
247,630.1853,2,REJECTED,,,NONE,176.2442,240.0
248,630.6686,1,ADMITTED,691.1806,877.3041,General,186.1235,60.512
249,632.1973,2,REJECTED,,,NONE,200.9363,240.0
250,638.3042,1,ADMITTED,705.1719,859.0793,General,153.9075,66.8677
251,650.8846,2,ADMITTED,883.7887,1041.0069,Monitored,157.2182,232.9041
252,656.1734,1,ADMITTED,705.5542,803.6112,General,98.057,49.3808
253,656.4684,1,ADMITTED,706.4503,813.5753,General,107.125,49.9819
254,657.3995,3,ADMITTED,856.9949,1108.6725,Critical,251.6776,199.5954
255,658.438,1,ADMITTED,713.5573,858.6644,General,145.107,55.1193
256,660.019,1,ADMITTED,722.7534,902.9539,General,180.2004,62.7345
257,660.9421,1,ADMITTED,723.594,815.3872,General,91.7932,62.6519
258,666.4868,2,ADMITTED,884.626,986.4523,Monitored,101.8263,218.1392
259,666.4894,2,ADMITTED,895.807,1095.3418,Monitored,199.5348,229.3176
260,674.3039,1,ADMITTED,724.7316,797.5304,General,72.7988,50.4277
261,675.8875,2,ADMITTED,904.5711,1121.9065,Monitored,217.3354,228.6836
262,677.4723,1,ADMITTED,727.2045,876.9014,General,149.6969,49.7322
263,681.2664,2,REJECTED,,,NONE,159.9348,240.0
264,683.3006,1,ADMITTED,727.7464,827.7836,General,100.0372,44.4458
265,686.9842,1,ADMITTED,734.9812,917.7454,General,182.7642,47.997
266,687.6302,1,ADMITTED,737.1228,901.5422,General,164.4194,49.4926
267,687.9,1,ADMITTED,740.7127,874.0455,General,133.3328,52.8127
268,689.7332,1,ADMITTED,752.5362,848.2509,General,95.7147,62.803
269,690.781,2,REJECTED,,,NONE,113.6986,240.0
270,697.4388,2,REJECTED,,,NONE,123.4735,240.0
271,699.5785,1,ADMITTED,763.314,892.8542,General,129.5402,63.7355
272,703.8548,1,ADMITTED,769.2599,905.7058,General,136.4458,65.4051
273,706.0738,2,ADMITTED,942.6916,1280.9757,Monitored,338.2841,236.6178
274,706.8086,3,ADMITTED,857.9436,1046.6022,Critical,188.6586,151.135
275,708.2577,1,ADMITTED,773.3673,820.3055,General,46.9381,65.1097
276,708.6944,1,ADMITTED,774.1833,881.6091,General,107.4258,65.4889
277,717.4197,3,ADMITTED,876.3122,1067.5043,Critical,191.1921,158.8925
278,720.9368,1,ADMITTED,775.6179,940.1835,General,164.5656,54.6811
279,721.9634,1,ADMITTED,778.5578,909.734,General,131.1762,56.5944
280,724.6572,2,ADMITTED,956.7509,1131.9087,Monitored,175.1578,232.0937
281,725.6513,1,ADMITTED,784.4506,920.3381,General,135.8875,58.7992
282,725.6794,3,REJECTED,,,NONE,211.4253,240.0
283,726.8508,1,ADMITTED,790.3707,878.9892,General,88.6185,63.5199
284,727.157,1,ADMITTED,792.9512,925.4341,General,132.4828,65.7942
285,727.6548,1,ADMITTED,797.5304,928.2375,General,130.7071,69.8756
286,728.0919,2,REJECTED,,,NONE,168.9086,240.0
287,728.6976,1,ADMITTED,803.6112,934.5299,General,130.9186,74.9137
288,730.652,2,REJECTED,,,NONE,320.2439,240.0
289,733.1296,1,ADMITTED,804.294,971.615,General,167.321,71.1645
290,736.6741,3,REJECTED,,,NONE,190.6429,240.0
291,737.0609,2,REJECTED,,,NONE,157.6226,240.0
292,737.9793,1,ADMITTED,813.5753,902.9441,General,89.3689,75.5959
293,739.7916,3,REJECTED,,,NONE,259.9468,240.0
294,742.5499,1,ADMITTED,815.3872,959.2643,General,143.8772,72.8373
295,745.9953,1,ADMITTED,820.3055,985.8966,General,165.5912,74.3101
296,749.786,2,ADMITTED,986.4523,1185.3434,Monitored,198.8911,236.6663
297,756.3311,1,ADMITTED,827.55,1002.7482,General,175.1982,71.219
298,760.2733,3,REJECTED,,,NONE,174.0147,240.0
299,760.3849,2,REJECTED,,,NONE,177.234,240.0
300,765.293,1,ADMITTED,827.7836,920.2671,General,92.4835,62.4906
301,767.4274,2,REJECTED,,,NONE,210.3794,240.0
302,767.5859,1,ADMITTED,831.1117,931.2902,General,100.1784,63.5259
303,769.6235,2,REJECTED,,,NONE,136.4159,240.0
304,770.7206,1,ADMITTED,845.1114,980.7544,General,135.643,74.3908
305,772.7536,1,ADMITTED,846.467,965.5931,General,119.1261,73.7134
306,778.3509,3,REJECTED,,,NONE,147.0252,240.0
307,780.2746,3,REJECTED,,,NONE,270.2026,240.0
308,780.8121,2,REJECTED,,,NONE,118.8266,240.0
309,780.8712,2,REJECTED,,,NONE,178.9678,240.0
310,787.5267,1,ADMITTED,848.2509,1063.7504,General,215.4995,60.7243
311,792.5547,1,ADMITTED,858.6644,979.2574,General,120.5931,66.1097
312,793.872,3,REJECTED,,,NONE,192.5128,240.0
313,798.3191,1,ADMITTED,859.0793,1022.835,General,163.7557,60.7602
314,798.3888,3,REJECTED,,,NONE,178.7146,240.0
315,799.7273,1,ADMITTED,868.9626,996.1348,General,127.1722,69.2353
316,799.8943,1,ADMITTED,874.0455,933.0565,General,59.011,74.1513
317,822.8009,1,ADMITTED,874.4657,966.7837,General,92.318,51.6647
318,824.1625,1,ADMITTED,876.9014,1009.1625,General,132.2612,52.7389
319,824.6124,3,ADMITTED,1046.6022,1234.1652,Critical,187.563,221.9898
320,827.1729,1,ADMITTED,877.3041,1042.6291,General,165.325,50.1311
321,827.208,1,ADMITTED,878.9892,1024.2811,General,145.2919,51.7813
322,831.2061,2,ADMITTED,1041.0069,1305.0252,Monitored,264.0183,209.8008
323,832.758,2,ADMITTED,1044.432,1229.6998,Monitored,185.2678,211.674
324,832.8613,1,ADMITTED,881.6091,1046.2849,General,164.6758,48.7477
325,833.5221,1,ADMITTED,892.8542,989.7957,General,96.9414,59.3322
326,837.935,1,ADMITTED,901.5422,1130.5134,General,228.9712,63.6072
327,838.0905,2,ADMITTED,1052.5813,1283.1455,Monitored,230.5642,214.4908
328,841.4887,1,ADMITTED,902.9441,1041.6007,General,138.6566,61.4554
329,846.0839,1,ADMITTED,902.9539,1027.6384,General,124.6846,56.8699
330,847.1888,1,ADMITTED,905.7058,1103.8125,General,198.1067,58.517
331,849.2292,1,ADMITTED,909.734,1085.9108,General,176.1768,60.5048
332,850.8491,1,ADMITTED,917.7454,1039.2078,General,121.4624,66.8963
333,856.2297,2,ADMITTED,1082.4064,1213.0448,Monitored,130.6384,226.1767
334,859.5389,2,ADMITTED,1095.3418,1313.8969,Monitored,218.5551,235.8029
335,860.5146,1,ADMITTED,920.2671,1082.0854,General,161.8184,59.7525
336,865.0303,2,REJECTED,,,NONE,190.0235,240.0
337,869.5305,2,REJECTED,,,NONE,174.7798,240.0
338,870.4756,1,ADMITTED,920.3381,1022.11,General,101.7719,49.8625
339,875.7968,1,ADMITTED,925.4341,1018.6205,General,93.1864,49.6373
340,877.0743,2,ADMITTED,1116.0218,1305.7364,Monitored,189.7146,238.9475
341,880.8646,1,ADMITTED,928.2375,1010.8636,General,82.6261,47.373
342,887.9715,2,ADMITTED,1121.9065,1350.7437,Monitored,228.8373,233.9349
343,889.4919,1,ADMITTED,931.2902,994.4939,General,63.2037,41.7982
344,892.2496,3,ADMITTED,1067.5043,1342.1497,Critical,274.6454,175.2547
345,894.7151,2,ADMITTED,1131.9087,1301.4773,Monitored,169.5686,237.1936
346,898.3208,1,ADMITTED,933.0565,1039.0312,General,105.9746,34.7358
347,899.0448,2,REJECTED,,,NONE,103.4786,240.0
348,905.4381,2,REJECTED,,,NONE,105.5463,240.0
349,905.9557,2,REJECTED,,,NONE,214.5011,240.0
350,911.0018,1,ADMITTED,934.5299,1049.422,General,114.8921,23.5281
351,911.4769,3,ADMITTED,1097.0251,1606.5814,Critical,509.5563,185.5482
352,920.2249,1,ADMITTED,940.1835,1090.5194,General,150.3359,19.9586
353,920.2695,1,ADMITTED,959.2643,1047.0575,General,87.7931,38.9948
354,920.6131,1,ADMITTED,965.5931,1089.7834,General,124.1903,44.9799
355,922.7674,1,ADMITTED,966.7837,1043.0232,General,76.2395,44.0163
356,923.7657,2,REJECTED,,,NONE,343.7758,240.0
357,927.2119,2,REJECTED,,,NONE,408.2111,240.0
358,928.8295,1,ADMITTED,971.615,1104.5151,General,132.9001,42.7855
359,931.2884,1,ADMITTED,979.2574,1048.2107,General,68.9533,47.969
360,933.7697,1,ADMITTED,980.7544,1149.956,General,169.2017,46.9847
361,936.2033,1,ADMITTED,985.8966,1157.9498,General,172.0532,49.6934
362,940.2364,1,ADMITTED,989.7957,1092.5775,General,102.7819,49.5593
363,941.7595,2,REJECTED,,,NONE,253.8497,240.0
364,947.2478,3,ADMITTED,1108.6725,1346.5194,Critical,237.8469,161.4246
365,950.8537,1,ADMITTED,994.4939,1107.1141,General,112.6202,43.6402
366,951.6363,1,ADMITTED,996.1348,1126.961,General,130.8261,44.4986
367,955.7662,1,ADMITTED,1002.7482,1140.8721,General,138.1239,46.982
368,959.8608,1,ADMITTED,1009.1625,1213.2207,General,204.0582,49.3017
369,961.3815,2,ADMITTED,1185.3434,1344.4536,Monitored,159.1102,223.9619
370,963.7873,2,REJECTED,,,NONE,222.8361,240.0
371,966.8401,1,ADMITTED,1010.8636,1144.4479,General,133.5842,44.0236
372,968.0161,1,ADMITTED,1018.6205,1170.8822,General,152.2617,50.6044
373,969.1076,1,ADMITTED,1022.11,1095.2212,General,73.1112,53.0024
374,973.8053,2,ADMITTED,1213.0448,1395.5816,Monitored,182.5368,239.2396
375,974.3383,2,REJECTED,,,NONE,246.6465,240.0
376,974.9759,2,REJECTED,,,NONE,116.2117,240.0
377,975.3577,1,ADMITTED,1022.835,1173.9327,General,151.0977,47.4773
378,975.4513,1,ADMITTED,1024.2811,1113.1774,General,88.8963,48.8298
379,975.7666,1,ADMITTED,1027.6384,1106.1037,General,78.4652,51.8718
380,981.7361,1,ADMITTED,1039.0312,1124.0162,General,84.9851,57.2951
381,982.3586,1,ADMITTED,1039.2078,1154.8809,General,115.6731,56.8492
382,983.7857,3,REJECTED,,,NONE,362.4636,240.0
383,990.6138,1,ADMITTED,1041.6007,1135.6339,General,94.0332,50.9869
384,992.4213,3,REJECTED,,,NONE,424.6305,240.0
385,993.1348,2,ADMITTED,1229.6998,1357.6587,Monitored,127.959,236.565
386,994.1047,1,ADMITTED,1042.6291,1114.4726,General,71.8436,48.5244
387,995.4106,2,REJECTED,,,NONE,212.9938,240.0
388,995.641,1,ADMITTED,1043.0232,1128.2269,General,85.2037,47.3821
389,1001.662,1,ADMITTED,1046.2849,1133.8283,General,87.5434,44.6229
390,1004.0581,1,ADMITTED,1047.0575,1216.8393,General,169.7819,42.9994
391,1004.2744,1,ADMITTED,1048.2107,1117.5523,General,69.3417,43.9363
392,1004.3965,2,REJECTED,,,NONE,275.7046,240.0
393,1006.8166,2,REJECTED,,,NONE,169.5736,240.0
394,1008.8054,3,ADMITTED,1234.1652,1415.8005,Critical,181.6354,225.3597
395,1011.6007,1,ADMITTED,1049.422,1204.7456,General,155.3235,37.8214
396,1012.643,3,REJECTED,,,NONE,380.4751,240.0
397,1018.1457,2,REJECTED,,,NONE,137.1982,240.0
398,1020.157,1,ADMITTED,1063.7504,1153.9608,General,90.2104,43.5934
399,1021.9127,1,ADMITTED,1082.0854,1217.5568,General,135.4714,60.1727
400,1022.9527,2,REJECTED,,,NONE,170.7511,240.0
401,1023.2978,2,REJECTED,,,NONE,149.2564,240.0
402,1023.553,1,ADMITTED,1085.9108,1230.8572,General,144.9464,62.3578
403,1024.561,1,ADMITTED,1089.7834,1254.3169,General,164.5335,65.2224
404,1025.9418,1,ADMITTED,1090.5194,1206.0447,General,115.5253,64.5775
405,1037.9388,2,REJECTED,,,NONE,219.2212,240.0
406,1042.1063,1,ADMITTED,1092.5775,1184.6105,General,92.033,50.4712
407,1043.5003,1,ADMITTED,1095.2212,1219.1886,General,123.9675,51.7209
408,1043.9667,2,ADMITTED,1280.9757,1390.9671,Monitored,109.9914,237.009
409,1045.7796,1,ADMITTED,1103.8125,1223.2225,General,119.41,58.0328
410,1046.2557,3,ADMITTED,1260.7931,1393.0694,Critical,132.2762,214.5374
411,1047.4605,1,ADMITTED,1104.5151,1188.6461,General,84.131,57.0546
412,1048.1558,1,ADMITTED,1106.1037,1201.8155,General,95.7118,57.9479
413,1051.5785,1,ADMITTED,1107.1141,1302.5835,General,195.4694,55.5356
414,1052.1568,2,ADMITTED,1283.1455,1426.9129,Monitored,143.7674,230.9887
415,1059.0028,2,REJECTED,,,NONE,147.8906,240.0
416,1060.2095,1,ADMITTED,1113.1774,1282.5354,General,169.358,52.9679
417,1066.1939,1,ADMITTED,1114.4726,1219.5131,General,105.0404,48.2787
418,1075.0043,1,ADMITTED,1117.5523,1184.4876,General,66.9353,42.548
419,1080.2355,1,ADMITTED,1124.0162,1254.5828,General,130.5666,43.7807
420,1081.3288,3,REJECTED,,,NONE,289.3086,240.0
421,1081.5088,2,ADMITTED,1301.4773,1493.8352,Monitored,192.3579,219.9686
422,1082.8561,1,ADMITTED,1126.961,1243.0234,General,116.0624,44.1048
423,1083.2468,1,ADMITTED,1128.2269,1277.2727,General,149.0458,44.98
424,1083.7079,2,ADMITTED,1305.0252,1490.7394,Monitored,185.7142,221.3173
425,1088.0189,1,ADMITTED,1130.5134,1255.1595,General,124.6461,42.4944
426,1088.5931,1,ADMITTED,1133.8283,1213.2948,General,79.4666,45.2352
427,1088.7811,2,ADMITTED,1305.7364,1388.1975,Monitored,82.4611,216.9553
428,1089.9382,2,ADMITTED,1313.8969,1494.8078,Monitored,180.9109,223.9587
429,1092.7112,2,REJECTED,,,NONE,181.6144,240.0
430,1093.506,2,REJECTED,,,NONE,178.0923,240.0
431,1094.3786,3,REJECTED,,,NONE,145.7369,240.0
432,1095.7198,1,ADMITTED,1135.6339,1247.1078,General,111.474,39.9141
433,1098.7056,1,ADMITTED,1140.8721,1191.2372,General,50.3651,42.1665
434,1099.6658,3,REJECTED,,,NONE,327.5387,240.0
435,1100.6478,1,ADMITTED,1144.4479,1244.7794,General,100.3316,43.8
436,1101.4841,1,ADMITTED,1149.956,1276.6787,General,126.7226,48.4719
437,1106.0796,1,ADMITTED,1153.9608,1336.623,General,182.6622,47.8812
438,1108.8819,1,ADMITTED,1154.8809,1254.0486,General,99.1677,45.999
439,1110.5667,2,ADMITTED,1344.4536,1515.8182,Monitored,171.3646,233.8869
440,1110.9525,1,ADMITTED,1157.9498,1310.2506,General,152.3008,46.9974
441,1114.4349,3,ADMITTED,1342.1497,1645.1482,Critical,302.9985,227.7148
442,1117.0603,1,ADMITTED,1170.8822,1408.2354,General,237.3532,53.8219
443,1121.0045,1,ADMITTED,1173.9327,1362.919,General,188.9863,52.9282
444,1121.8378,1,ADMITTED,1184.4876,1309.9655,General,125.4779,62.6498
445,1122.4749,2,ADMITTED,1350.7437,1534.3633,Monitored,183.6195,228.2688
446,1123.5879,2,ADMITTED,1357.6587,1510.4253,Monitored,152.7665,234.0708
447,1127.5728,1,ADMITTED,1184.6105,1342.736,General,158.1255,57.0377
448,1127.6336,2,REJECTED,,,NONE,103.159,240.0
449,1127.7208,1,ADMITTED,1188.6461,1274.4185,General,85.7724,60.9253
450,1129.3437,2,REJECTED,,,NONE,229.4418,240.0
451,1129.6493,1,ADMITTED,1191.2372,1370.6801,General,179.4429,61.5879
452,1132.8958,3,ADMITTED,1346.5194,1584.8178,Critical,238.2984,213.6236
453,1136.4153,1,ADMITTED,1201.8155,1317.3878,General,115.5723,65.4002
454,1136.7881,1,ADMITTED,1204.7456,1353.1068,General,148.3613,67.9574
455,1143.7568,2,REJECTED,,,NONE,123.7406,240.0
456,1145.0428,1,ADMITTED,1206.0447,1315.1566,General,109.1119,61.002
457,1146.2282,1,ADMITTED,1213.2207,1330.7275,General,117.5068,66.9925
458,1153.6277,1,ADMITTED,1213.2948,1296.3979,General,83.103,59.6671
459,1155.8041,1,ADMITTED,1216.8393,1369.7689,General,152.9296,61.0352
460,1155.9666,1,ADMITTED,1217.5568,1337.1021,General,119.5453,61.5903
461,1157.3121,3,ADMITTED,1393.0694,1512.5686,Critical,119.4992,235.7573
462,1162.6458,1,ADMITTED,1219.1886,1316.4225,General,97.2339,56.5428
463,1165.7547,1,ADMITTED,1219.5131,1345.9031,General,126.39,53.7584
464,1166.5259,2,ADMITTED,1388.1975,1622.2378,Monitored,234.0402,221.6716
465,1167.245,1,ADMITTED,1223.2225,1341.628,General,118.4054,55.9775
466,1170.0854,2,ADMITTED,1390.9671,1603.5457,Monitored,212.5786,220.8817
467,1172.404,3,REJECTED,,,NONE,192.7008,240.0
468,1173.1149,1,ADMITTED,1230.8572,1364.1083,General,133.2511,57.7423
469,1173.5298,2,ADMITTED,1395.5816,1623.8438,Monitored,228.2621,222.0518
470,1176.2103,2,REJECTED,,,NONE,438.0932,240.0
471,1177.9883,1,ADMITTED,1243.0234,1378.2957,General,135.2724,65.035
472,1178.5578,1,ADMITTED,1244.7794,1408.3463,General,163.5668,66.2216
473,1181.3212,1,ADMITTED,1247.1078,1365.9443,General,118.8364,65.7867
474,1182.4275,1,ADMITTED,1254.0486,1348.0836,General,94.0349,71.6212
475,1182.9564,1,ADMITTED,1254.3169,1332.0363,General,77.7195,71.3605
476,1186.3594,3,ADMITTED,1415.8005,1594.7693,Critical,178.9688,229.4412
477,1186.7086,2,REJECTED,,,NONE,154.9468,240.0
478,1189.8843,3,REJECTED,,,NONE,299.6482,240.0
479,1190.0112,1,ADMITTED,1254.5828,1394.4488,General,139.866,64.5716
480,1194.4177,1,ADMITTED,1255.1595,1382.8404,General,127.6809,60.7418
481,1194.5313,1,ADMITTED,1274.4185,1404.1756,General,129.7571,79.8871
482,1199.7447,1,ADMITTED,1276.6787,1433.8996,General,157.2209,76.934
483,1202.5234,1,ADMITTED,1277.2727,1378.0445,General,100.7718,74.7493
484,1204.9415,1,ADMITTED,1282.5354,1380.7411,General,98.2057,77.5939
485,1206.0192,2,ADMITTED,1426.9129,1595.4708,Monitored,168.5579,220.8937
486,1207.0039,1,ADMITTED,1296.3979,1429.9685,General,133.5707,89.394
487,1208.3773,2,REJECTED,,,NONE,157.8009,240.0
488,1209.1854,1,ADMITTED,1302.5835,1372.0837,General,69.5002,93.3981
489,1210.1266,1,ADMITTED,1309.9655,1499.3352,General,189.3697,99.8388
490,1212.6273,2,REJECTED,,,NONE,316.7242,240.0
491,1214.9123,1,ADMITTED,1310.2506,1417.5073,General,107.2567,95.3383
492,1215.1247,1,ADMITTED,1315.1566,1466.4127,General,151.2561,100.032
493,1216.3431,1,ADMITTED,1316.4225,1396.4241,General,80.0015,100.0794
494,1216.4921,2,REJECTED,,,NONE,227.5652,240.0
495,1220.6009,2,REJECTED,,,NONE,162.2727,240.0
496,1222.8516,2,REJECTED,,,NONE,197.592,240.0
497,1224.3524,1,ADMITTED,1317.3878,1416.2984,General,98.9105,93.0355
498,1226.0499,1,ADMITTED,1330.7275,1538.2849,General,207.5574,104.6776
499,1227.4893,3,REJECTED,,,NONE,112.1439,240.0
500,1228.1718,1,ADMITTED,1332.0363,1419.1205,General,87.0842,103.8645
